{
  "backend": "mlp",
  "fit_seconds": 5.54,
  "val": {
    "accuracy": 0.9955022488755623,
    "macro_f1": 0.9920923155960402,
    "per_class": {
      "human": {
        "precision": 1.0,
        "recall": 0.9741379310344828,
        "f1": 0.9868995633187773
      },
      "ai": {
        "precision": 0.9945848375451264,
        "recall": 1.0,
        "f1": 0.9972850678733032
      }
    }
  }
}