{
  "backend": "random_forest",
  "fit_seconds": 3.06,
  "val": {
    "accuracy": 0.992503748125937,
    "macro_f1": 0.9868205259934004,
    "per_class": {
      "human": {
        "precision": 0.9911504424778761,
        "recall": 0.9655172413793104,
        "f1": 0.9781659388646288
      },
      "ai": {
        "precision": 0.9927797833935018,
        "recall": 0.9981851179673321,
        "f1": 0.995475113122172
      }
    },
    "extractor_importance": {
      "nela": 0.9389805550605357,
      "style": 0.021352655204960855,
      "trace": 0.039666789734503605
    }
  }
}