{
  "backend": "logreg",
  "fit_seconds": 0.11,
  "val": {
    "accuracy": 1.0,
    "macro_f1": 1.0,
    "per_class": {
      "human": {
        "precision": 1.0,
        "recall": 1.0,
        "f1": 1.0
      },
      "ai": {
        "precision": 1.0,
        "recall": 1.0,
        "f1": 1.0
      }
    },
    "extractor_importance": {
      "nela": 0.5437470127579821,
      "style": 0.11607710409526598,
      "trace": 0.34017588314675207
    }
  }
}