{
  "backend": "xgboost",
  "fit_seconds": 2.27,
  "val": {
    "accuracy": 0.9985007496251874,
    "macro_f1": 0.9973999446464977,
    "per_class": {
      "human": {
        "precision": 0.9914529914529915,
        "recall": 1.0,
        "f1": 0.9957081545064378
      },
      "ai": {
        "precision": 1.0,
        "recall": 0.9981851179673321,
        "f1": 0.9990917347865577
      }
    },
    "extractor_importance": {
      "nela": 0.7769295980897548,
      "style": 0.01965532377120001,
      "trace": 0.2034150781390452
    }
  }
}