{
  "backend": "svm",
  "fit_seconds": 3.71,
  "val": {
    "accuracy": 0.9970014992503748,
    "macro_f1": 0.9947463768115943,
    "per_class": {
      "human": {
        "precision": 1.0,
        "recall": 0.9827586206896551,
        "f1": 0.991304347826087
      },
      "ai": {
        "precision": 0.9963833634719711,
        "recall": 1.0,
        "f1": 0.9981884057971014
      }
    }
  }
}