{
  "backend": "xgboost",
  "fit_seconds": 1.74,
  "val": {
    "accuracy": 0.9970014992503748,
    "macro_f1": 0.9947822141560798,
    "per_class": {
      "human": {
        "precision": 0.9913793103448276,
        "recall": 0.9913793103448276,
        "f1": 0.9913793103448276
      },
      "ai": {
        "precision": 0.9981851179673321,
        "recall": 0.9981851179673321,
        "f1": 0.9981851179673321
      }
    },
    "extractor_importance": {
      "nela": 0.7664480136252652,
      "style": 0.022455646191327172,
      "trace": 0.21109634018340767
    }
  }
}