{
  "backend": "hist_gbm",
  "fit_seconds": 5.1,
  "val": {
    "accuracy": 0.9970014992503748,
    "macro_f1": 0.9947822141560798,
    "per_class": {
      "human": {
        "precision": 0.9913793103448276,
        "recall": 0.9913793103448276,
        "f1": 0.9913793103448276
      },
      "ai": {
        "precision": 0.9981851179673321,
        "recall": 0.9981851179673321,
        "f1": 0.9981851179673321
      }
    }
  }
}