{
  "backend": "random_forest",
  "fit_seconds": 2.88,
  "val": {
    "accuracy": 0.9940029985007496,
    "macro_f1": 0.9894927536231883,
    "per_class": {
      "human": {
        "precision": 0.9912280701754386,
        "recall": 0.9741379310344828,
        "f1": 0.9826086956521739
      },
      "ai": {
        "precision": 0.9945750452079566,
        "recall": 0.9981851179673321,
        "f1": 0.9963768115942029
      }
    },
    "extractor_importance": {
      "nela": 0.9016540599976952,
      "style": 0.016864014717256574,
      "trace": 0.08148192528504823
    }
  }
}