{
  "backend": "gradient_boosting",
  "fit_seconds": 122.88,
  "val": {
    "accuracy": 0.9955022488755623,
    "macro_f1": 0.9921465660359585,
    "per_class": {
      "human": {
        "precision": 0.991304347826087,
        "recall": 0.9827586206896551,
        "f1": 0.987012987012987
      },
      "ai": {
        "precision": 0.9963768115942029,
        "recall": 0.9981851179673321,
        "f1": 0.9972801450589301
      }
    },
    "extractor_importance": {
      "nela": 0.9830885237055706,
      "style": 0.003047372153649386,
      "trace": 0.01386410414078006
    }
  }
}