{
  "backend": "logreg",
  "fit_seconds": 0.05,
  "val": {
    "accuracy": 0.9985007496251874,
    "macro_f1": 0.9973821886786529,
    "per_class": {
      "human": {
        "precision": 1.0,
        "recall": 0.9913793103448276,
        "f1": 0.9956709956709957
      },
      "ai": {
        "precision": 0.9981884057971014,
        "recall": 1.0,
        "f1": 0.99909338168631
      }
    },
    "extractor_importance": {
      "nela": 0.490110057450279,
      "style": 0.10346507778488075,
      "trace": 0.40642486476484024
    }
  }
}