{
  "backend": "svm",
  "fit_seconds": 32.54,
  "val": {
    "accuracy": 0.9626218851570965,
    "macro_f1": 0.9527139527139528,
    "per_class": {
      "human": {
        "precision": 0.9155206286836935,
        "recall": 0.9471544715447154,
        "f1": 0.9310689310689311
      },
      "ai": {
        "precision": 0.9805534779356769,
        "recall": 0.9682422451994092,
        "f1": 0.9743589743589743
      }
    }
  }
}