{
  "backend": "xgboost",
  "fit_seconds": 10.67,
  "val": {
    "accuracy": 0.9723726977248104,
    "macro_f1": 0.9647371466776037,
    "per_class": {
      "human": {
        "precision": 0.9454545454545454,
        "recall": 0.9512195121951219,
        "f1": 0.9483282674772037
      },
      "ai": {
        "precision": 0.9822353811991118,
        "recall": 0.9800590841949779,
        "f1": 0.9811460258780037
      }
    },
    "extractor_importance": {
      "nela": 0.6940038866122292,
      "style": 0.07534171093685973,
      "trace": 0.23065440245091107
    }
  }
}