{
  "backend": "mlp",
  "fit_seconds": 2.4,
  "val": {
    "accuracy": 0.99830220713073,
    "macro_f1": 0.997047100995162,
    "per_class": {
      "human": {
        "precision": 0.9902912621359223,
        "recall": 1.0,
        "f1": 0.9951219512195122
      },
      "ai": {
        "precision": 1.0,
        "recall": 0.997946611909651,
        "f1": 0.998972250770812
      }
    }
  }
}