{
  "backend": "gradient_boosting",
  "fit_seconds": 300.02,
  "val": {
    "accuracy": 0.9593716143011918,
    "macro_f1": 0.9485374717457896,
    "per_class": {
      "human": {
        "precision": 0.9112426035502958,
        "recall": 0.9390243902439024,
        "f1": 0.924924924924925
      },
      "ai": {
        "precision": 0.977595220313667,
        "recall": 0.9667651403249631,
        "f1": 0.9721500185666543
      }
    },
    "extractor_importance": {
      "nela": 0.875959180472874,
      "style": 0.08622030459091377,
      "trace": 0.0378205149362123
    }
  }
}