{
  "backend": "random_forest",
  "fit_seconds": 5.51,
  "val": {
    "accuracy": 0.9344528710725893,
    "macro_f1": 0.910907158227684,
    "per_class": {
      "human": {
        "precision": 0.9580246913580247,
        "recall": 0.7886178861788617,
        "f1": 0.8651059085841695
      },
      "ai": {
        "precision": 0.9278278972935462,
        "recall": 0.9874446085672083,
        "f1": 0.9567084078711986
      }
    },
    "extractor_importance": {
      "nela": 0.6388064694723831,
      "style": 0.10802195289850194,
      "trace": 0.253171577629115
    }
  }
}