{
  "backend": "logreg",
  "fit_seconds": 0.06,
  "val": {
    "accuracy": 0.9966044142614601,
    "macro_f1": 0.9940713451705118,
    "per_class": {
      "human": {
        "precision": 0.9901960784313726,
        "recall": 0.9901960784313726,
        "f1": 0.9901960784313726
      },
      "ai": {
        "precision": 0.997946611909651,
        "recall": 0.997946611909651,
        "f1": 0.997946611909651
      }
    },
    "extractor_importance": {
      "nela": 0.4783202058906581,
      "style": 0.11869951866648698,
      "trace": 0.40298027544285486
    }
  }
}