{
  "backend": "xgboost",
  "fit_seconds": 3.52,
  "val": {
    "accuracy": 0.9966044142614601,
    "macro_f1": 0.9940249147865606,
    "per_class": {
      "human": {
        "precision": 1.0,
        "recall": 0.9803921568627451,
        "f1": 0.9900990099009901
      },
      "ai": {
        "precision": 0.9959100204498977,
        "recall": 1.0,
        "f1": 0.9979508196721312
      }
    },
    "extractor_importance": {
      "nela": 0.8417879297221841,
      "style": 0.02515584539973929,
      "trace": 0.13305622487807667
    }
  }
}