{
  "backend": "hist_gbm",
  "fit_seconds": 4.65,
  "val": {
    "accuracy": 0.9949066213921901,
    "macro_f1": 0.9910723758999621,
    "per_class": {
      "human": {
        "precision": 0.9900990099009901,
        "recall": 0.9803921568627451,
        "f1": 0.9852216748768473
      },
      "ai": {
        "precision": 0.9959016393442623,
        "recall": 0.997946611909651,
        "f1": 0.9969230769230769
      }
    }
  }
}