{
  "backend": "random_forest",
  "fit_seconds": 1.44,
  "val": {
    "accuracy": 0.8522920203735145,
    "macro_f1": 0.587206070712197,
    "per_class": {
      "human": {
        "precision": 1.0,
        "recall": 0.14705882352941177,
        "f1": 0.2564102564102564
      },
      "ai": {
        "precision": 0.8484320557491289,
        "recall": 1.0,
        "f1": 0.9180018850141376
      }
    },
    "extractor_importance": {
      "trace": 1.0
    }
  }
}