{
  "backend": "svm",
  "fit_seconds": 2.55,
  "val": {
    "accuracy": 0.99830220713073,
    "macro_f1": 0.9970241252999874,
    "per_class": {
      "human": {
        "precision": 1.0,
        "recall": 0.9901960784313726,
        "f1": 0.9950738916256158
      },
      "ai": {
        "precision": 0.9979508196721312,
        "recall": 1.0,
        "f1": 0.9989743589743589
      }
    }
  }
}