{
  "backend": "mlp",
  "fit_seconds": 6.8,
  "val": {
    "accuracy": 0.9637053087757314,
    "macro_f1": 0.953187834938312,
    "per_class": {
      "human": {
        "precision": 0.9436325678496869,
        "recall": 0.9186991869918699,
        "f1": 0.9309989701338826
      },
      "ai": {
        "precision": 0.9707388441843453,
        "recall": 0.9800590841949779,
        "f1": 0.9753766997427417
      }
    }
  }
}