{
  "backend": "random_forest",
  "fit_seconds": 1.07,
  "val": {
    "accuracy": 0.9966044142614601,
    "macro_f1": 0.9940713451705118,
    "per_class": {
      "human": {
        "precision": 0.9901960784313726,
        "recall": 0.9901960784313726,
        "f1": 0.9901960784313726
      },
      "ai": {
        "precision": 0.997946611909651,
        "recall": 0.997946611909651,
        "f1": 0.997946611909651
      }
    },
    "extractor_importance": {
      "nela": 1.0
    }
  }
}