{
  "backend": "random_forest",
  "fit_seconds": 1.06,
  "val": {
    "accuracy": 0.8964346349745331,
    "macro_f1": 0.7913494427893633,
    "per_class": {
      "human": {
        "precision": 0.7971014492753623,
        "recall": 0.5392156862745098,
        "f1": 0.6432748538011696
      },
      "ai": {
        "precision": 0.9096153846153846,
        "recall": 0.971252566735113,
        "f1": 0.9394240317775571
      }
    },
    "extractor_importance": {
      "style": 1.0
    }
  }
}