{
  "backend": "logreg",
  "fit_seconds": 0.27,
  "val": {
    "accuracy": 0.9209100758396533,
    "macro_f1": 0.9018199568689165,
    "per_class": {
      "human": {
        "precision": 0.8203703703703704,
        "recall": 0.9004065040650406,
        "f1": 0.8585271317829457
      },
      "ai": {
        "precision": 0.9624808575803981,
        "recall": 0.9283604135893648,
        "f1": 0.9451127819548872
      }
    },
    "extractor_importance": {
      "nela": 0.44463144584999226,
      "style": 0.17697619428807138,
      "trace": 0.3783923598619364
    }
  }
}