{
  "backend": "hist_gbm",
  "fit_seconds": 15.65,
  "val": {
    "accuracy": 0.9739978331527628,
    "macro_f1": 0.9666606465595087,
    "per_class": {
      "human": {
        "precision": 0.9549180327868853,
        "recall": 0.9471544715447154,
        "f1": 0.9510204081632653
      },
      "ai": {
        "precision": 0.9808541973490427,
        "recall": 0.983751846381093,
        "f1": 0.9823008849557522
      }
    }
  }
}